,City,Cloudiness,Country,Date,Humidity,Lat,Lng,Max Temp,Wind Speed
0,Beringovskiy,2,RU,1561219988,75,63.05,179.32,54.46,1.43
1,Beloha,58,MG,1561219988,66,-25.17,45.06,71.56,11.88
2,Albany,75,US,1561219988,47,42.65,-73.75,77,17.22
3,Aswan,0,EG,1561219989,8,24.09,32.9,104,9.17
4,Hithadhoo,100,MV,1561219989,71,-0.6,73.08,84.34,7.16
5,Bethel,75,US,1561219946,100,60.79,-161.76,55.4,5.82
6,Boden,92,SE,1561219801,87,65.83,21.69,50,20.8
7,Faanui,7,PF,1561219989,80,-16.48,-151.75,78.22,12.71
8,Vaini,100,IN,1561219989,86,15.34,74.49,78.58,1.12
9,Tuatapere,96,NZ,1561219990,97,-46.13,167.69,43,5.68
10,Port Alfred,47,ZA,1561219990,72,-33.59,26.89,57.99,8.97
11,Busselton,47,AU,1561219990,85,-33.64,115.35,61,15.95
12,Hobart,20,AU,1561219774,93,-42.88,147.33,39.99,5.82
13,Bristol,66,GB,1561219934,52,51.45,-2.6,73,11.41
14,San Jeronimo,0,PE,1561219990,67,-13.65,-73.37,51.8,5.35
15,Mercedes,99,UY,1561219990,86,-33.25,-58.03,66.99,4
16,Carutapera,1,BR,1561219990,61,-1.2,-46.02,85.96,9.17
17,East London,0,ZA,1561219991,72,-33.02,27.91,60.8,3.36
18,Cape Town,79,ZA,1561219991,93,-33.93,18.42,62.01,15.99
19,Katsuura,75,JP,1561219991,78,33.93,134.5,73.4,11.41
20,Vostok,8,RU,1561219991,93,46.45,135.83,50.68,2.86
21,Cidreira,98,BR,1561219991,64,-30.17,-50.22,72.64,7.45
22,Hermanus,60,ZA,1561219991,98,-34.42,19.24,55.99,21.45
23,Souillac,75,FR,1561219991,53,45.6,-0.6,77,5.82
24,Mezen,100,RU,1561219991,76,65.85,44.24,59.86,8.97
25,Mataura,68,NZ,1561219992,97,-46.19,168.86,43,2.19
26,Rawson,8,AR,1561219992,52,-43.3,-65.11,54.64,24.49
27,Linjiang,0,CN,1561219992,94,41.81,126.91,52.3,3.24
28,Xiantao,77,CN,1561219992,92,30.37,113.44,71.56,7.4
29,Hasaki,75,JP,1561219992,94,35.73,140.83,70,11.41
30,Port Moresby,100,PG,1561219992,92,-9.47,147.16,76.78,20.85
31,Ushuaia,75,AR,1561219928,80,-54.81,-68.31,35.6,5.82
32,Punta Arenas,20,CL,1561219992,78,-53.16,-70.91,41,5.82
33,Seydi,0,NE,1561219993,23,13.34,7.75,102.16,11.83
34,Kavieng,100,PG,1561219993,80,-2.57,150.8,80.92,5.84
35,Kapaa,75,US,1561219993,100,22.08,-159.32,75.2,11.41
36,Ayan,67,TR,1561219993,64,40.67,33.6,67.42,9.64
37,Georgetown,90,GY,1561219813,94,6.8,-58.16,84.2,16.11
38,Fortuna,0,ES,1561219993,69,38.18,-1.13,86,9.17
39,Ilulissat,75,GL,1561219994,93,69.22,-51.1,37.4,10.29
40,Kahului,1,US,1561219994,73,20.89,-156.47,72,5.82
41,Sorland,100,NO,1561219994,86,67.67,12.69,50.5,11.95
42,Turukhansk,87,RU,1561219994,70,65.8,87.96,55.36,7.38
43,Charlestown,1,US,1561219994,41,41.38,-71.64,79,13.87
44,Saskylakh,0,RU,1561219994,39,71.97,114.09,58.96,5.75
45,Johi,0,PK,1561219994,22,26.69,67.61,107.02,8.05
46,Ullapool,21,GB,1561219995,73,57.9,-5.16,66,4
47,Barrow,73,AR,1561219995,47,-38.31,-60.23,59.32,7.81
48,Isangel,90,VU,1561219995,88,-19.55,169.27,71.6,7.4
49,Hovd,75,NO,1561219995,71,63.83,10.7,59,21.92
50,Yumen,100,CN,1561219995,27,40.29,97.04,79.3,6.58
51,Buala,100,SB,1561219995,86,-8.15,159.59,79.84,8.01
52,Aklavik,5,CA,1561219995,51,68.22,-135.01,64.4,4.7
53,Lorengau,100,PG,1561219996,81,-2.02,147.27,79.48,2.91
54,Brae,100,GB,1561219996,81,60.4,-1.35,55.4,20.8
55,Rikitea,100,PF,1561219996,85,-23.12,-134.97,75.52,22.21
56,Lodja,77,CD,1561219996,27,-3.52,23.6,90.1,2.21
57,Thompson,90,CA,1561219996,67,55.74,-97.86,62.6,4.7
58,Arraial do Cabo,40,BR,1561219996,60,-22.97,-42.02,77,10.29
59,Karratha,0,AU,1561219996,71,-20.74,116.85,67.06,8.66
60,Kulhudhuffushi,100,MV,1561219996,79,6.62,73.07,84.34,17.43
61,Pevek,0,RU,1561219997,84,69.7,170.27,34.48,14.74
62,Victoria Point,20,AU,1561219997,71,-27.58,153.3,57.2,6.93
63,Upernavik,100,GL,1561219997,81,72.79,-56.15,33.76,6.4
64,Oktyabrskiy,0,RU,1561219997,45,55.61,37.97,86,6.71
65,Amherst,75,CA,1561219997,77,45.83,-64.21,60.01,16.11
66,Saint-Philippe,40,CA,1561219998,47,45.36,-73.48,77,5.82
67,Nanortalik,99,GL,1561219998,95,60.14,-45.24,35.56,8.66
68,Fevik,0,NO,1561219998,37,58.38,8.68,66.2,9.17
69,Butaritari,2,KI,1561219998,77,3.07,172.79,83.44,7.56
70,Port Blair,99,IN,1561219996,85,11.67,92.75,83.98,10.76
71,Pisco,90,PE,1561219998,30,-13.71,-76.2,71.6,5.82
72,Mahebourg,40,MU,1561219776,73,-20.41,57.7,73.99,14.99
73,Canalete,90,CO,1561219998,83,8.79,-76.24,82.4,8.16
74,Port-Gentil,40,GA,1561219998,74,-0.72,8.78,80.6,9.17
75,Sur,0,OM,1561219999,57,22.57,59.53,89.74,2.28
76,Puerto Ayora,32,EC,1561219999,75,-0.74,-90.35,74.44,11.95
77,Yellowknife,40,CA,1561219999,54,62.45,-114.38,57,11.41
78,Bambous Virieux,40,MU,1561219999,73,-20.34,57.76,73.99,14.99
79,Luhyny,100,UA,1561219999,81,51.08,28.4,75.7,9.57
80,Trat,100,TH,1561219999,72,12.25,102.51,90,3.33
81,Pacific Grove,90,US,1561219999,82,36.62,-121.92,63,4.76
82,Portland,90,US,1561219794,71,45.52,-122.67,59,5.82
83,Donghai,100,CN,1561220000,45,34.52,118.76,73.18,6.35
84,Ponta do Sol,90,BR,1561220000,70,-20.63,-46,66.88,7.31
85,Jamestown,0,AU,1561220000,70,-33.21,138.6,42.22,7.87
86,Dasoguz,0,TM,1561220000,23,41.84,59.97,95,9.17
87,Khatanga,0,RU,1561220000,30,71.98,102.47,67.42,13.33
88,Rio Grande City,20,US,1561220001,66,26.38,-98.82,93.99,13.87
89,Shouguang,37,CN,1561220001,51,36.88,118.73,78.01,4.56
90,Saint Pete Beach,75,US,1561220001,74,27.73,-82.74,90,3.36
91,Sambava,23,MG,1561220001,98,-14.27,50.17,67.78,2.17
92,Shanghai,20,CN,1561219925,83,31.23,121.49,71.01,8.95
93,Solnechnyy,85,RU,1561220001,90,50.72,136.64,52.12,4.45
94,Obo,94,CF,1561220001,81,5.39,26.49,78.58,6.26
95,Manakara,100,MG,1561220001,94,-22.14,48.01,67.06,1.16
96,Castro,75,CL,1561220002,87,-42.48,-73.76,53.6,9.17
97,Heihe,0,RU,1561220002,63,50.24,127.51,66.2,4.47
98,Victoria,75,BN,1561220002,88,5.28,115.24,80.6,1.12
99,San Carlos de Bariloche,20,AR,1561220002,81,-41.13,-71.31,48.2,16.11
100,Bluff,0,AU,1561220003,65,-23.58,149.07,49.6,3.83
101,Joshimath,73,IN,1561220003,76,30.57,79.57,55.18,1.72
102,Dingle,95,PH,1561220003,88,11,122.67,76.78,3.29
103,Torbat-e Jam,3,IR,1561220003,17,35.24,60.63,84.52,18.43
104,Lamar,90,US,1561220003,52,38.09,-102.62,64.4,11.41
105,Pahrump,1,US,1561219963,14,36.21,-115.98,78.01,14.92
106,Namakkal,100,IN,1561220003,79,11.22,78.17,79.12,5.17
107,Bethanien,0,NA,1561220003,29,-26.5,17.16,64.36,7.07
108,Atuona,13,PF,1561220004,81,-9.8,-139.03,80.56,14.36
109,Kodiak,1,US,1561220004,78,39.95,-94.76,79,6.93
110,Beitbridge,0,ZA,1561220004,39,-22.21,29.99,71.02,5.57
111,Basoko,86,CD,1561220004,90,1.23,23.61,76.06,2.26
112,Honiara,75,SB,1561220004,100,-9.43,159.96,75.2,2.24
113,Gonen,20,IL,1561220004,54,33.12,35.65,82.4,11.41
114,Troyes,75,FR,1561220004,60,48.3,4.07,77,6.93
115,Sao Filipe,0,CV,1561220004,84,14.9,-24.5,73.72,21.9
116,Astoria,90,US,1561219874,76,46.19,-123.83,57.99,4.7
117,Praia da Vitoria,20,PT,1561220005,60,38.73,-27.07,75.2,16.71
118,Trinidad,99,UY,1561220005,95,-33.52,-56.9,65.26,1.32
119,Raudeberg,75,NO,1561220005,71,61.99,5.14,55.4,16.11
120,Grand Gaube,40,MU,1561220005,73,-20.01,57.66,73.99,14.99
121,Airai,73,TL,1561220005,82,-8.93,125.41,68.5,5.55
122,Poya,94,NC,1561220005,85,-21.35,165.16,71.38,12.71
123,Torbay,75,CA,1561220006,82,47.66,-52.73,73.99,11.41
124,Vila Franca do Campo,40,PT,1561220006,82,37.72,-25.43,68,13.87
125,Chokurdakh,6,RU,1561220006,57,70.62,147.9,48.34,16.64
126,Ponta Delgada,40,PT,1561220006,82,37.73,-25.67,68,13.87
127,Pangnirtung,75,CA,1561220006,93,66.15,-65.72,41,16.11
128,Esperance,20,TT,1561220006,55,10.24,-61.45,89.6,17.22
129,Acapulco,75,MX,1561219886,70,16.86,-99.88,84.2,5.82
130,Kaitangata,61,NZ,1561220006,90,-46.28,169.85,43,1.99
131,Kitimat,90,CA,1561220007,87,54.02,-128.69,55.4,16.11
132,Nara,100,JP,1561220007,73,34.68,135.8,73.4,16.11
133,Pilar,40,AR,1561220007,82,-34.46,-58.91,69.01,4.7
134,Dunedin,99,NZ,1561219850,95,-45.87,170.5,42.01,3
135,Iqaluit,75,CA,1561220007,50,63.75,-68.52,53.01,18.34
136,Ambilobe,54,MG,1561220007,76,-13.19,49.05,76.42,1.92
137,Neryungri,100,RU,1561220007,99,56.66,124.71,54.82,2.93
138,Qaanaaq,100,GL,1561220008,89,77.48,-69.36,29.62,15.1
139,Dikson,83,RU,1561220008,91,73.51,80.55,32.68,11.25
140,Hervey Bay,40,AU,1561220008,66,-25.3,152.85,55.99,8.05
141,Haapiti,6,PF,1561220008,94,-17.57,-149.87,73.4,6.93
142,Kampot,75,KH,1561220008,94,10.62,104.18,77,1.12
143,Broome,0,GB,1561220008,52,52.47,1.45,70,12.75
144,Hay River,90,CA,1561220008,93,60.82,-115.79,50,2.24
145,Ballarat,54,AU,1561220009,99,-37.56,143.86,39,2.89
146,Nurota,0,UZ,1561220009,16,40.56,65.69,87.8,6.93
147,Buritis,0,BR,1561220009,43,-15.62,-46.42,76.78,8.99
148,Hilo,40,US,1561219862,78,19.71,-155.08,73.4,3.36
149,Severo-Kurilsk,22,RU,1561220009,85,50.68,156.12,44.02,6.4
150,Portsoy,75,GB,1561220009,48,57.68,-2.69,66.2,11.41
151,Wattegama,100,LK,1561220009,91,7.35,80.68,75.16,6.44
152,Adrar,0,DZ,1561220009,4,27.87,-0.29,109.4,9.17
153,College,90,US,1561220009,82,64.86,-147.8,62.01,3.36
154,Ribeira Grande,40,PT,1561220010,77,38.52,-28.7,69.8,13.87
155,Aquiraz,20,BR,1561220010,51,-3.9,-38.39,86,17.22
156,Atar,0,MR,1561220010,11,20.52,-13.05,101.62,10.42
157,Nishihara,75,JP,1561220010,83,35.74,139.53,72,11.41
158,Avarua,0,CK,1561220010,59,-21.21,-159.78,66.2,4.7
159,Lebu,75,ET,1561220010,68,8.96,38.73,66.2,4.7
160,Sitka,98,US,1561220010,88,37.17,-99.65,66.99,8.99
161,Port Keats,54,AU,1561220010,30,-14.25,129.55,68.14,16.28
162,Payo,100,ID,1561220011,93,-3.75,103.64,67.6,3.33
163,Baghdad,0,IQ,1561219856,18,33.3,44.38,105.8,14.99
164,Morales,31,CO,1561220011,52,8.28,-73.87,89.2,3.71
165,Banjar,94,ID,1561220011,93,-7.37,108.54,69.4,0.67
166,Lasa,0,CY,1561220011,78,34.92,32.53,82,11.41
167,Tasiilaq,90,GL,1561220012,80,65.61,-37.64,39.2,11.41
168,Saldanha,100,PT,1561220012,21,41.42,-6.55,83.98,14.2
169,Santa Maria da Vitoria,0,BR,1561220012,42,-13.39,-44.19,81.1,8.19
170,Bulgan,93,MN,1561220012,90,48.81,103.53,55.18,5.28
171,Nyuksenitsa,12,RU,1561220012,87,60.41,44.24,73.72,5.08
172,Grants Pass,1,US,1561219780,55,42.44,-123.33,63,2.06
173,Kununurra,75,AU,1561220012,19,-15.77,128.74,69.8,8.05
174,Ginda,97,IN,1561220012,56,30.69,78.49,67.24,3.31
175,Russell,23,AR,1561220013,44,-33.01,-68.8,59,2.24
176,Yulara,0,AU,1561220013,33,-25.24,130.99,46.4,9.17
177,Huanan,0,CN,1561220013,87,46.24,130.56,59.14,1.03
178,Jinan,87,CN,1561220013,35,36.65,117.11,79.3,6.67
179,Bredasdorp,87,ZA,1561220013,98,-34.53,20.04,55.99,11.21
180,Bileca,0,BA,1561220013,69,42.87,18.43,91.4,4.7
181,Havoysund,100,NO,1561220013,71,71,24.66,50,19.46
182,Qasigiannguit,75,GL,1561220014,93,68.82,-51.19,37.4,10.29
183,Grindavik,0,IS,1561220014,62,63.84,-22.43,55,16.11
184,Tura,0,IN,1561220014,90,25.52,90.21,80.2,5.73
185,Sobolevo,78,RU,1561220014,85,54.43,31.9,70.84,8.23
186,Bridlington,100,GB,1561220014,63,54.08,-0.19,69.01,11.41
187,Kikwit,24,CD,1561220014,23,-5.04,18.82,91.9,3.71
188,Kadoma,0,ZW,1561220014,32,-18.34,29.91,73,5.53
189,Ancud,75,CL,1561220014,87,-41.87,-73.83,53.6,9.17
190,Saint George,20,GR,1561220015,28,39.45,22.34,93.99,11.41
191,Innisfail,90,CA,1561220011,81,52.02,-113.95,51.8,12.75
192,Yanam,75,IN,1561220015,74,16.73,82.22,80.6,4.7
193,Alofi,40,NU,1561220015,82,-19.06,-169.92,68,3.36
194,Manyana,42,AU,1561220015,80,-35.26,150.51,53.01,4.7
195,Chuy,100,UY,1561220015,95,-33.69,-53.46,63.1,1.05
196,Jonkoping,0,SE,1561219766,39,57.78,14.16,68,11.41
197,Port Lincoln,14,AU,1561220015,69,-34.72,135.86,55.54,11.72
198,Biak,99,ID,1561220015,97,-0.91,122.88,65.44,5.3
199,Tilichiki,100,RU,1561220016,87,60.47,166.1,44.92,2.01
200,Codrington,75,AU,1561220016,93,-28.95,153.24,53.6,4.7
201,San Quintin,100,PH,1561220016,90,17.54,120.52,78.58,2.44
202,Leningradskiy,98,RU,1561220016,94,69.38,178.42,32.68,13.42
203,Puerto Ayacucho,75,CO,1561220016,88,5.66,-67.63,78.8,4.21
204,Khabary,94,RU,1561220017,79,53.63,79.53,56.26,9.48
205,Liku,78,ID,1561220017,71,-0.73,119.89,83.8,3.96
206,Berdigestyakh,100,RU,1561220017,98,62.1,126.7,58.6,5.39
207,New Norfolk,20,AU,1561220017,93,-42.78,147.06,41,5.82
208,Gubkinskiy,90,RU,1561220017,55,64.43,76.5,50.68,4.76
209,Salalah,75,OM,1561219868,84,17.01,54.1,86,12.75
210,Owo,100,NG,1561220017,90,7.2,5.59,79.12,3.74
211,Deputatskiy,24,RU,1561220017,56,69.3,139.9,59.32,7.61
212,Kotma,100,IN,1561220017,65,23.2,81.98,82.72,9.31
213,Visby,0,SE,1561220018,42,57.64,18.3,68,12.75
214,Vemalwada,100,IN,1561220018,95,18.47,78.88,75.16,7.94
215,Tokmak,91,UA,1561220018,61,47.26,35.7,75.52,22.32
216,Iralaya,75,HN,1561220018,70,15,-83.23,87.8,5.82
217,Jinxiang,72,CN,1561220018,33,35.07,116.31,83.26,9.75
218,Inirida,52,CO,1561220018,91,3.87,-67.92,81.28,1.86
219,Tangshan,0,CN,1561220018,45,39.63,118.17,76.06,10.96
220,Provideniya,100,RU,1561220019,76,64.42,-173.23,56.26,3.74
221,Tuktoyaktuk,40,CA,1561220019,48,69.44,-133.03,62.6,8.05
222,Udachnyy,0,RU,1561220019,48,66.42,112.4,51.8,4.47
223,Hamilton,40,CA,1561220020,46,43.26,-79.87,75.99,6.93
224,Cabedelo,40,BR,1561220020,65,-6.97,-34.84,82.4,17.22
225,Mar del Plata,0,AR,1561220020,55,-46.43,-67.52,49.42,25.19
226,Broken Hill,0,AU,1561220020,69,-31.97,141.45,39.2,9.17
227,Birao,33,CF,1561220020,43,10.3,22.78,92.98,10.29
228,Mogadishu,0,SO,1561220020,78,2.04,45.34,77.32,14.25
229,Cravo Norte,95,CO,1561220020,95,6.3,-70.2,75.16,6.78
230,Miandrivazo,100,MG,1561220021,91,-19.53,45.46,65.98,0.83
231,Buckeye,1,US,1561219807,26,33.37,-112.58,87.01,5.82
232,Margate,20,AU,1561220021,93,-43.03,147.26,41,5.82
233,Srednekolymsk,2,RU,1561220021,62,67.46,153.71,58.06,10.56
234,Nguruka,0,TZ,1561220021,31,-5.11,31.04,84.16,3.4
235,Kpandae,78,GH,1561220021,54,8.46,-0.01,89.56,6.58
236,Ojinaga,1,US,1561220021,35,29.56,-104.41,87.01,5.82
237,San Cristobal,94,EC,1561220022,82,-0.39,-78.55,53.01,3
238,Poum,75,MK,1561220022,32,41.28,20.71,82.4,2.24
239,Cedar City,1,US,1561219763,35,37.68,-113.06,55.4,16.11
240,Port Elizabeth,1,US,1561220022,44,39.31,-74.98,80.01,13.87
241,San Ramon,75,NI,1561220022,83,12.92,-85.84,73.4,6.17
242,Roberval,20,CA,1561220022,35,48.51,-72.22,71.6,17.22
243,Hambantota,40,LK,1561220023,83,6.12,81.12,82.4,6.93
244,Husavik,100,CA,1561220023,79,50.56,-96.99,66.99,8.01
245,Xichang,100,CN,1561220023,95,27.88,102.25,62.56,4.23
246,Severodvinsk,40,RU,1561220023,64,64.56,39.82,71.6,4.47
247,Coihaique,75,CL,1561220023,66,-45.58,-72.07,50,5.82
248,Clyde River,75,CA,1561220023,75,70.47,-68.59,42.8,5.82
249,Dakar,0,SN,1561219812,58,14.69,-17.45,84.2,12.75
250,Baltoji Voke,0,LT,1561220024,35,54.6,25.2,78.01,10.29
251,Shelburne,1,CA,1561219860,59,44.08,-80.2,73,6.93
252,Sarny,100,UA,1561220024,80,51.32,26.62,75.16,11.5
253,Colares,0,PT,1561220024,43,38.8,-9.45,75.99,11.41
254,Olavarria,97,AR,1561220024,98,-36.89,-60.32,55,1.7
255,Alyangula,33,AU,1561220024,88,-13.85,136.42,62.6,4.7
256,Maracacume,44,BR,1561220024,60,-2.04,-45.96,85.6,7.25
257,Naze,100,NG,1561220024,94,5.43,7.07,75.52,7.61
258,Washington DC.,1,US,1561219977,38,38.9,-77.04,79,9.17
259,Kruisfontein,52,ZA,1561220025,64,-34,24.73,59.68,18.07
260,Pallasovka,0,RU,1561220025,29,50.04,46.89,88.12,7.85
261,Nacala,1,MZ,1561220025,87,-14.56,40.69,69.4,4.34
262,Nikolskoye,20,RU,1561220025,37,59.7,30.79,66.2,24.61
263,Cermik,40,TR,1561220025,27,38.14,39.45,91,4.7
264,Fare,49,PF,1561220026,78,-16.7,-151.02,77.5,14.61
265,Longyearbyen,75,NO,1561220026,66,78.22,15.63,48.2,4.7
266,Carnarvon,20,ZA,1561220026,47,-30.97,22.13,51.04,10.4
267,Puerto Baquerizo Moreno,63,EC,1561220026,82,-0.9,-89.6,72.1,12.41
268,Zhezkazgan,20,KZ,1561220026,28,47.8,67.71,80.6,17.9
269,Cabo San Lucas,5,MX,1561219893,16,22.89,-109.91,95,5.82
270,Sri Aman,100,MY,1561220026,94,1.24,111.46,77,1.16
271,Merauke,35,ID,1561220027,82,-8.49,140.4,78.76,23.47
272,Eureka,20,US,1561220027,87,40.8,-124.16,61,4.7
273,Karpathos,0,GR,1561220027,74,35.51,27.21,78.8,26.4
274,Krasnoznamensk,0,RU,1561220027,65,54.94,22.49,64.18,11.14
275,Bam,99,IR,1561220027,13,29.11,58.36,86.5,4.9
276,Palana,100,RU,1561220027,96,59.08,159.95,44.38,5.93
277,Mabay,0,CU,1561220028,62,20.35,-76.78,89.6,8.05
278,Nalut,0,LY,1561220028,7,31.86,10.98,105.58,14.74
279,Ornskoldsvik,0,SE,1561220028,36,63.29,18.72,62.6,21.92
280,Flinders,0,AU,1561220028,80,-34.58,150.85,53.01,4.7
281,Khandyga,100,RU,1561220028,93,62.65,135.58,58.42,4.79
282,Cullman,40,US,1561220028,74,34.17,-86.84,87.8,3.36
283,Mulege,0,MX,1561220028,28,26.88,-111.98,82.36,4.99
284,Chapais,40,CA,1561220029,40,49.78,-74.86,68,17.22
285,Fairbanks,90,US,1561220029,82,64.84,-147.72,62.01,3.36
286,Moerai,100,PF,1561220029,62,-22.43,-151.33,70.48,13.27
287,Karla,20,EE,1561220029,55,59.37,24.93,64.99,21.92
288,Shache,100,CN,1561220029,50,38.42,77.24,75.99,4.88
289,San Isidro,100,PH,1561219838,88,16.74,121.63,78.04,5.35
290,Luoyang,58,CN,1561220031,74,34.66,112.42,71.02,3.33
291,Port Macquarie,77,AU,1561220031,71,-31.43,152.91,50,10.29
292,Mecca,0,SA,1561220031,21,21.43,39.83,101.98,15.19
293,Mpanda,0,TZ,1561220031,35,-6.34,31.07,80.38,6.96
294,Batagay-Alyta,86,RU,1561220031,57,67.8,130.41,57.88,3.4
295,Ailigandi,100,PA,1561220032,80,9.23,-78.02,83.62,6.55
296,Norman Wells,40,CA,1561220032,59,65.28,-126.83,60.8,16.11
297,Soe,0,EE,1561220032,49,57.91,26.05,68,16.11
298,Manado,20,ID,1561219834,58,1.49,124.85,82.4,13.87
299,Mugur-Aksy,38,RU,1561220032,68,50.38,90.44,44.56,4.07
300,Sarkand,100,KZ,1561220032,41,45.41,79.91,68.68,9.75
301,Ligayan,0,PH,1561219805,76,4.65,119.47,84.16,10.87
302,Bathsheba,75,BB,1561219851,66,13.22,-59.52,86,16.11
303,Verkhnyaya Inta,97,RU,1561220032,37,65.99,60.32,62.92,3.02
304,Dawei,7,MM,1561220032,72,14.07,98.19,85.06,6.85
305,Muisne,100,EC,1561220033,83,0.61,-80.02,77.14,15.37
306,Narsaq,20,GL,1561220033,62,60.91,-46.05,51.8,4.7
307,Lao Cai,100,VN,1561220033,73,22.48,103.95,73.9,1.52
308,Porto Novo,40,BR,1561220033,72,-23.68,-45.44,68,4.7
309,Sao Domingos,0,BR,1561220033,39,-13.4,-46.32,82.9,9.24
310,Sosnovo-Ozerskoye,99,RU,1561220033,71,52.53,111.54,60.4,1.9
311,Seoul,1,KR,1561220016,72,37.57,126.98,75.2,6.93
312,Caimito,20,CU,1561220033,70,22.95,-82.6,89.01,3.36
313,Gujan-Mestras,0,FR,1561220034,39,44.63,-1.08,81,11.41
314,Sibu,75,MY,1561220034,94,2.29,111.83,77,1.12
315,Kamenka,63,RU,1561220034,24,53.19,44.05,88,4.97
316,Samarai,100,PG,1561220034,96,-10.62,150.67,74.44,7.7
317,Conway,1,US,1561220034,78,33.84,-79.05,84.99,9.17
318,Itarema,75,BR,1561220034,52,-2.92,-39.92,87.8,5.82
319,Caluquembe,0,AO,1561220035,18,-13.78,14.68,77.14,3.31
320,Klaksvik,0,FO,1561220035,71,62.23,-6.59,51.8,12.75
321,Ostrovnoy,100,RU,1561220035,86,68.05,39.51,40.78,9.75
322,Caravelas,0,BR,1561220035,69,-17.73,-39.27,78.4,10.83
323,Cilegon,40,ID,1561220635,74,-6.02,106.05,78.8,5.82
324,Hobyo,13,SO,1561220637,63,5.35,48.53,81.46,27.58
325,Poronaysk,100,RU,1561220638,93,49.22,143.1,46.54,4.29
326,Krivosheino,79,RU,1561220639,98,57.34,83.93,56.98,4.27
327,Benghazi,0,LY,1561220640,59,32.12,20.07,81.28,15.84
328,Rafraf,0,TN,1561220641,51,37.19,10.18,82.4,13.87
329,Luanda,0,AO,1561220432,79,-8.83,13.24,73.72,11.74
330,Huilong,100,CN,1561220643,98,28.89,110.18,64.72,4.61
331,Belmonte,100,PT,1561220645,36,40.36,-7.35,78.01,5.99
332,Tsabong,0,BW,1561220646,29,-26.02,22.4,65.44,7
333,Gat,0,SN,1561220647,58,14.69,-16.54,84.2,14.99
334,Hearst,1,CA,1561220372,33,49.69,-83.67,75.16,2.59
335,Mayo,75,CA,1561220649,48,63.59,-135.9,60.8,4.7
336,Bubaque,83,GW,1561220650,81,11.28,-15.83,80.2,12.03
337,Atikokan,100,CA,1561220651,41,48.76,-91.62,65.62,9.66
338,LUGOBA,0,TZ,1561220652,59,-6.46,38.33,74.08,4.25
340,Concordia,0,AR,1561220655,65,-31.4,-58.02,79,10.29
341,Planaltina,0,BR,1561220656,38,-15.62,-47.66,77,16.11
342,Codajas,70,BR,1561220657,72,-3.84,-62.06,84.88,3.53
343,Presidencia Roque Saenz Pena,0,AR,1561220658,56,-26.79,-60.44,77.68,11.05
344,San Carlos,95,VE,1561220660,72,9.66,-68.59,82.36,3.8
345,Soyo,40,AO,1561220661,78,-6.13,12.37,78.8,6.93
346,Champerico,90,MX,1561220662,78,16.38,-93.6,78.8,5.82
347,Saint Anthony,1,US,1561220663,61,43.97,-111.68,53.01,4.7
348,Pacifica,1,US,1561220592,68,37.61,-122.49,70,4.7
349,Mandalgovi,100,MN,1561220665,39,45.76,106.27,72.64,12.75
350,Khiri Mat,0,TH,1561220666,69,16.83,99.8,84.34,5.95
351,Kloulklubed,75,PW,1561220668,83,7.04,134.26,80.6,8.05
352,Laguna,40,MX,1561220669,38,27.52,-110.01,87.8,6.93
353,Ondjiva,0,AO,1561220670,18,-17.07,15.73,80.6,9.17
354,Prince Rupert,90,CA,1561220671,93,54.32,-130.32,51.8,6.04
355,Guerrero Negro,83,MX,1561220579,83,27.97,-114.04,61.66,14.76
356,Serenje,2,ZM,1561220673,59,-13.23,30.22,63.82,5.3
357,Namibe,75,AO,1561220674,65,-15.19,12.15,77,11.41
358,Touros,75,BR,1561220675,58,-5.2,-35.46,86,14.99
359,Denpasar,20,ID,1561220677,94,-8.65,115.22,77,4.7
360,Mitu,0,IR,1561220678,26,36.2,46.09,84.16,12.55
361,Burscheid,0,DE,1561220679,50,51.08,7.12,80.01,11.41
362,Bizhbulyak,94,RU,1561220680,76,53.69,54.27,71.74,3.89
363,Coruripe,29,BR,1561220681,65,-10.12,-36.18,82,13.31
364,Igrim,33,RU,1561220682,37,63.19,64.42,63.28,6.46
365,Maceio,75,BR,1561220683,61,-9.67,-35.74,82.4,11.41
366,Belle Glade,75,US,1561220648,59,26.68,-80.67,95,2.19
367,Tiksi,49,RU,1561220686,59,71.64,128.87,52.3,15.97
368,Staraya Kulatka,57,RU,1561220687,58,52.73,47.62,80.2,6.11
369,Stephenville,1,US,1561220418,61,32.22,-98.2,89.01,16.11
370,Zhangye,100,CN,1561220689,37,38.94,100.46,71.02,3.38
371,Ambunti,88,PG,1561220690,98,-4.22,142.82,73.18,1.34
372,Valparaiso,1,US,1561220691,57,41.47,-87.06,78.01,14.99
374,Arlit,1,NE,1561220693,9,18.74,7.39,109.18,3.38
375,Haines Junction,63,CA,1561220695,53,60.75,-137.51,50.14,3.83
376,Opuwo,0,NA,1561220696,13,-18.06,13.84,81.64,6.91
377,Pombas,0,BR,1561220697,43,-15.9,-54.74,82.72,3.78
378,Tsaratanana,2,MG,1561220698,76,-16.8,47.65,65.62,10.67
379,Qaqortoq,20,GL,1561220699,50,60.72,-46.03,57.2,10.29
380,Te Anau,10,NZ,1561220700,90,-45.41,167.72,38.62,3.2
381,Bodden Town,20,KY,1561220701,66,19.28,-81.25,89.6,21.92
382,Vikhorevka,0,RU,1561220703,55,56.12,101.17,62.6,4.47
383,Pokhara,100,NP,1561220704,87,28.21,83.99,56.44,6.71
384,Mujiayingzi,0,CN,1561220705,45,42.12,118.78,65.44,3.42
385,Gurlan,0,UZ,1561220706,23,41.84,60.39,95,9.17
386,Coquimbo,0,CL,1561220707,59,-29.95,-71.34,72,3.36
387,Northam,0,GB,1561220708,55,51.04,-4.21,71.01,14.99
388,Sistranda,75,NO,1561220709,71,63.73,8.83,54,21.92
389,Beira,20,ES,1561220711,40,43.2,-8.36,71.6,6.93
390,Mitsamiouli,54,KM,1561220712,68,-11.38,43.28,78.76,13.13
391,Maraa,13,BR,1561220713,60,-1.83,-65.37,87.76,3.24
392,Vila,75,IT,1561220714,50,45.18,8.4,80.01,4.7
393,Vila Velha,40,BR,1561220715,48,-3.71,-38.6,87.8,14.99
394,Zyryanka,46,RU,1561220716,63,65.73,150.89,56.98,7.85
395,Tiznit,0,MA,1561220718,84,29.7,-9.73,65.98,14.61
396,Gorakhpur,100,IN,1561220719,71,26.76,83.37,82,4.12
397,Carballo,20,ES,1561220720,40,43.21,-8.69,71.6,6.93
398,Tagusao,2,PH,1561220721,81,9.19,117.81,81.64,5.68
399,Geraldton,75,CA,1561220722,40,49.72,-86.95,68,5.82
400,Kose,20,EE,1561220723,55,59.18,25.17,64.99,21.92
401,Praya,20,ID,1561220724,94,-8.71,116.27,71.6,8.39
402,Crotone,0,IT,1561220726,66,39.09,17.12,84.2,10.29
403,Belaya Gora,1,RU,1561220727,53,68.54,146.19,64.18,14.45
404,Avera,1,US,1561220728,66,33.19,-82.53,91.4,6.93
405,Kavaratti,100,IN,1561220729,80,10.57,72.64,82.36,23.04
406,West Bay,47,GB,1561220730,52,50.71,-2.76,73,11.41
407,Toora-Khem,0,RU,1561220468,70,52.47,96.11,56.8,4.41
408,Cherskiy,46,RU,1561220732,57,68.75,161.3,51.94,6.35
409,Guatire,40,VE,1561220734,74,10.47,-66.54,78.8,4.7
410,Korem,61,ET,1561220735,32,12.51,39.52,74.08,16.31
411,Krasnyy Yar,2,RU,1561220736,43,50.7,44.73,84.34,3.11
412,Takoradi,100,GH,1561220737,84,4.89,-1.75,79.3,8.05
413,Dudinka,75,RU,1561220738,81,69.41,86.18,48.2,20.13
414,Bilibino,68,RU,1561220739,74,68.06,166.44,46.36,2.75
415,Fasa,0,IR,1561220740,17,28.94,53.65,89.6,6.93
416,Farafangana,100,MG,1561220742,94,-22.82,47.83,66.16,3.27
417,Palmer,20,AU,1561220536,93,-34.85,139.16,46.99,1.36
418,Sai Buri,20,TH,1561220744,78,6.7,101.62,80.6,3.36
419,Podgoria,40,RO,1561220745,45,45.42,27.03,87.8,3.36
420,Branesti,79,RO,1561220746,64,45.03,25.42,80.01,1.54
421,Turayf,0,SA,1561220747,18,31.68,38.65,91.4,11.41
422,Galesong,20,ID,1561220749,94,-5.32,119.37,77,2.24
423,Sabalgarh,0,IN,1561220750,21,26.25,77.41,98.92,5.7
424,Andilamena,33,MG,1561220751,90,-17.01,48.57,61.12,8.75
425,Banska Bystrica,20,SK,1561220752,83,48.74,19.15,73.99,5.82
426,Labuhan,20,ID,1561220753,90,-2.54,115.51,74.8,1.83
427,Los Llanos de Aridane,75,ES,1561220754,69,28.66,-17.92,75.2,4.7
428,Nouadhibou,0,MR,1561220756,60,20.93,-17.03,75.2,23.04
429,Laramie,90,US,1561220757,70,41.31,-105.59,50,5.82
430,Ahipara,93,NZ,1561220758,82,-35.17,173.16,60.4,21.77
431,Talnakh,90,RU,1561221111,93,69.49,88.39,42.8,20.13
432,Hurricane,1,US,1561221112,28,37.18,-113.29,68,3.36
433,Blackwater,18,GB,1561221113,46,51.33,-0.78,73.99,8.05
434,Marion,75,US,1561221115,74,35.21,-90.2,89.01,6.93
435,Ust-Kulom,80,RU,1561221116,98,61.69,53.69,60.15,3.69
436,Zhukovka,0,RU,1561221117,54,55.51,37.29,84.2,6.71
437,Padang,100,ID,1561221118,63,-0.92,100.36,83.73,5.35
438,Rio Grande,0,BR,1561221116,51,-32.03,-52.1,86,6.93
439,Tolaga Bay,100,NZ,1561221120,88,-38.37,178.3,46.83,0.76
440,Tucumcari,1,US,1561221122,43,35.17,-103.73,72,8.05
441,Vestmanna,0,FO,1561221123,71,62.16,-7.17,51.8,12.75
442,Marsh Harbour,9,BS,1561220939,77,26.54,-77.06,83.08,9.86
443,Port Hedland,1,AU,1561220846,62,-20.31,118.58,59,6.93
444,Erzurum,20,TR,1561220995,53,39.91,41.27,72,5.82
445,Uray,100,RU,1561221127,88,60.13,64.8,51.33,5.86
446,Luderitz,0,NA,1561221128,48,-26.65,15.16,66.2,14.99
447,Moron,100,VE,1561221129,57,10.49,-68.2,88.23,9.33
448,Port Pirie,5,AU,1561221131,93,-33.18,138.01,35.6,6.93
449,Eskil,86,TR,1561221132,45,38.4,33.41,76.35,7.92
450,Acari,7,BR,1561221133,38,-6.44,-36.64,90.03,18.37
451,Nemuro,100,JP,1561221134,96,43.32,145.57,50.61,8.43
452,Clones,84,GB,1561221136,66,54.18,-7.23,60.01,8.01
453,Mangaratiba,0,BR,1561221137,48,-22.96,-44.04,84.2,5.82
454,Nabire,91,ID,1561221138,98,-3.36,135.5,70.23,2.75
455,Henties Bay,0,NA,1561221139,84,-22.12,14.28,59,11.99
456,Minot,1,US,1561221140,48,48.23,-101.3,66.2,24.16
457,Sikonge,1,TZ,1561221141,50,-5.63,32.75,69.69,3.94
458,Kysyl-Syr,100,RU,1561221142,97,63.9,122.77,57.81,2.75
459,Abu Samrah,9,SY,1561221144,53,35.3,37.18,78.69,11.63
460,Karasjok,100,NO,1561221145,71,69.47,25.52,50,21.92
461,Lac du Bonnet,100,CA,1561221146,89,50.25,-96.06,64.99,5.01
462,Mount Darwin,0,ZW,1561221147,69,-16.77,31.58,57.63,4.63
463,Saint-Joseph,75,FR,1561221148,65,43.56,6.97,80.6,2.24
464,Mehamn,96,NO,1561221150,79,71.03,27.85,41.79,25.86
465,Koumac,100,NC,1561221151,86,-20.56,164.28,72.39,18.61
466,Cockburn Town,37,TC,1561221152,84,21.46,-71.14,80.67,11.61
467,Alice Springs,0,AU,1561221153,47,-23.7,133.88,33.8,4.7
468,Guozhen,100,CN,1561221154,95,29.3,113.14,69.87,6.91
469,Aykhal,0,RU,1561221155,46,65.95,111.51,50,4.47
470,Lavrentiya,100,RU,1561221156,84,65.58,-170.99,43.41,8.5
471,Bandarbeyla,0,SO,1561221158,49,9.49,50.81,84.63,16.62
472,Emerald,7,AU,1561221159,49,-23.53,148.16,48.2,10.29
473,Saravan,20,AM,1561221160,27,39.72,45.65,87.8,13.87
474,Marzuq,0,YE,1561221161,9,14.4,46.47,84.63,8.79
475,Semey,39,KZ,1561221162,77,50.41,80.25,64.29,11.54
476,Selizharovo,83,RU,1561221163,88,56.86,33.45,62.49,4.92
477,Fort Saint James,68,CA,1561221164,39,54.43,-124.25,65.37,7.85
478,Tutoia,75,BR,1561221166,52,-2.76,-42.27,91.4,9.17
479,Paamiut,78,GL,1561221167,92,61.99,-49.67,40.71,7.54
480,Mangrol,0,IN,1561221168,26,25.33,76.51,95.61,3.58
481,Colwyn Bay,0,GB,1561221169,56,53.29,-3.71,73.99,11.41
482,Nowy Dwor Gdanski,0,PL,1561221170,59,54.21,19.12,70,11.41
483,Krabi,20,TH,1561221171,100,8.06,98.92,82.4,1.12
484,Ballina,75,IE,1561221172,67,54.11,-9.15,66,11.41
485,Mount Isa,2,AU,1561221174,41,-20.73,139.49,41,6.93
486,Buraydah,0,SA,1561221175,18,26.33,43.97,100.4,11.41
487,Griffith,0,AU,1561221176,92,-34.29,146.06,28.4,3.91
488,Xuddur,71,SO,1561221177,62,4.12,43.89,77.97,15.52
489,Chernyshevskiy,20,RU,1561221178,51,63.01,112.47,48.99,3.11
490,San Patricio,59,PY,1561221179,67,-26.98,-56.83,79.59,8.23
491,Garissa,42,KE,1561221181,50,-0.46,39.64,78.33,20.13
492,Oppdal,79,NO,1561221182,64,62.6,9.69,48.99,13.71
493,Rocha,99,UY,1561221183,88,-34.48,-54.34,67.35,1.63
494,Jerome,1,US,1561221184,28,34.75,-112.11,82.99,6.93
495,Quatre Cocos,75,MU,1561221185,78,-20.21,57.76,73.99,13.87
496,Manoel Urbano,88,BR,1561221186,38,-8.84,-69.26,91.47,3.94
497,Barcelos,0,PT,1561221187,45,41.53,-8.62,77,10.29
498,Chiredzi,0,ZW,1561221189,58,-21.05,31.67,65.19,4.36
499,Jutiapa,99,GT,1561221190,79,14.29,-89.9,74.37,4.32
500,Mudon,0,MM,1561221191,81,16.26,97.73,82.65,7.2
501,Iskateley,12,RU,1561221192,74,67.68,53.15,42.15,8.99
502,Anzio,0,IT,1561221193,33,41.45,12.63,89.6,11.41
503,Kalyazin,83,RU,1561221194,90,57.24,37.84,65.73,7.54
504,Lebedyn,57,UA,1561221195,53,50.58,34.48,75.99,4.47
505,Zhuhai,0,CN,1561221197,52,40.71,112.04,69.8,4.47
506,Egvekinot,86,RU,1561221198,82,66.32,-179.17,39.45,7.11
507,Manicore,76,BR,1561221199,50,-5.81,-61.3,90.03,5.97
508,Nhulunbuy,48,AU,1561221200,73,-12.18,136.78,71.6,11.41
509,Nazareno Etla,90,MX,1561221201,68,17.18,-96.82,71.6,3.36
510,Constitucion,5,MX,1561221202,33,23.99,-104.67,73.99,9.17
511,Ulaangom,1,MN,1561221204,50,49.98,92.07,65.73,5.3
512,Pangody,80,RU,1561221205,80,65.85,74.49,43.23,5.84
513,Ostuni,0,IT,1561221206,38,40.73,17.58,91.99,6.93
514,Augusto Correa,36,BR,1561221207,79,-1.02,-46.63,83.19,4.59
515,San Juan Evangelista,75,MX,1561221208,62,17.88,-95.14,88,11.41
516,Pimenteiras,0,BR,1561221209,46,-6.24,-41.42,84.27,8.93
517,Bartica,90,GY,1561221210,94,6.41,-58.62,77,13.87
518,Vao,0,EE,1561221212,59,59.1,26.19,59.25,12.21
519,Rodrigues Alves,40,BR,1561221213,58,-7.74,-72.65,87.8,5.82
520,Mnogovershinnyy,100,RU,1561221214,97,53.94,139.92,45.03,4.68
521,Gigmoto,0,PH,1561221215,74,13.78,124.39,83.91,6.11
522,Lagoa,0,PT,1561221216,53,37.14,-8.45,81,9.17
523,Xai-Xai,33,MZ,1561221218,90,-25.04,33.64,65.55,4.54
524,Nokha,29,IN,1561221219,24,27.56,73.47,98.13,7.09
525,La Ronge,90,CA,1561221220,93,55.1,-105.3,57.2,11.41
526,Nador,20,MA,1561221037,69,35.17,-2.93,77,5.82
527,Krefeld,0,DE,1561221222,47,51.33,6.56,79,8.05
528,Manacapuru,40,BR,1561221223,74,-3.3,-60.62,84.2,4.7
529,Santa Isabel do Rio Negro,27,BR,1561221224,49,-0.41,-65.02,91.11,3.65
530,Xinzhi,75,TW,1561221226,84,22.54,120.62,86,5.82
531,Verkhnevilyuysk,31,RU,1561221227,73,63.45,120.31,52.41,5.14
532,Gouyave,20,GD,1561221228,66,12.16,-61.73,87.8,20.8